{"cameraMode":{"drawMode":0,"name":"Shaded","section":"Shading Mode"},"sceneLighting":true,"audioPlay":false,"sceneViewState":{"m_AlwaysRefresh":false,"showFog":true,"showSkybox":true,"showFlares":true,"showImageEffects":true,"showParticleSystems":true,"showVisualEffectGraphs":true,"m_FxEnabled":true},"in2DMode":false,"pivot":{"x":-2.3307223320007326,"y":-0.9654731750488281,"z":0.7803406715393066},"rotation":{"x":-0.24933670461177827,"y":0.006097332574427128,"z":-0.0015699004288762808,"w":-0.9683977961540222},"size":11.447832107543946,"orthographic":false}