{"cameraMode":{"drawMode":0,"name":"Shaded","section":"Shading Mode"},"sceneLighting":true,"audioPlay":false,"sceneViewState":{"m_AlwaysRefresh":false,"showFog":true,"showSkybox":true,"showFlares":true,"showImageEffects":true,"showParticleSystems":true,"showVisualEffectGraphs":true,"m_FxEnabled":true},"in2DMode":false,"pivot":{"x":11.284408569335938,"y":0.6172895431518555,"z":5.051602363586426},"rotation":{"x":-0.21084274351596833,"y":-0.5326071977615356,"z":0.13901321589946748,"w":-0.8078070878982544},"size":17.125261306762697,"orthographic":false}