{"cameraMode":{"drawMode":0,"name":"Shaded","section":"Shading Mode"},"sceneLighting":false,"audioPlay":false,"sceneViewState":{"m_AlwaysRefresh":false,"showFog":true,"showSkybox":false,"showFlares":true,"showImageEffects":true,"showParticleSystems":true,"showVisualEffectGraphs":true,"m_FxEnabled":true},"in2DMode":false,"pivot":{"x":10.30668830871582,"y":-12.064973831176758,"z":-113.05707550048828},"rotation":{"x":-0.0059724547900259499,"y":-0.09585124999284744,"z":-0.0005751777207478881,"w":0.9953793883323669},"size":2.1563549041748049,"orthographic":false}