{"cameraMode":{"drawMode":0,"name":"Shaded","section":"Shading Mode"},"sceneLighting":false,"audioPlay":false,"sceneViewState":{"m_AlwaysRefresh":false,"showFog":true,"showSkybox":false,"showFlares":true,"showImageEffects":true,"showParticleSystems":true,"showVisualEffectGraphs":true,"m_FxEnabled":true},"in2DMode":false,"pivot":{"x":-0.7774649858474731,"y":-0.2244621217250824,"z":-1.7951501607894898},"rotation":{"x":0.16551150381565095,"y":-0.050865933299064639,"z":0.008548229932785035,"w":0.9848593473434448},"size":1.310330867767334,"orthographic":false}